{"best_recall@k": 1.0, "epoch": [0, 1, 2, 3, 4], "loss": [3.622396230697632, 2.1547961235046387, 1.8826745748519897, 1.7026722431182861, 1.7740248441696167], "val_recall@k": [0.0, 1.0, 1.0, 1.0, 1.0]}