{"best_recall@k": 1.0, "epoch": [0, 1, 2], "loss": [4.246360778808594, 2.8347625732421875, 2.538914918899536], "val_recall@k": [1.0, 1.0, 1.0]}